{"cameraMode":{"drawMode":0,"name":"Shaded","section":"Shading Mode"},"sceneLighting":false,"audioPlay":false,"sceneViewState":{"m_AlwaysRefresh":false,"showFog":true,"showSkybox":true,"showFlares":true,"showImageEffects":true,"showParticleSystems":true,"showVisualEffectGraphs":true,"m_FxEnabled":true},"in2DMode":false,"pivot":{"x":-0.32136279344558718,"y":-2.6653695106506349,"z":14.34929370880127},"rotation":{"x":0.20070835947990418,"y":-0.21690253913402558,"z":0.0456213504076004,"w":0.9542481899261475},"size":26.242572784423829,"orthographic":false}