{"cameraMode":{"drawMode":0,"name":"Shaded","section":"Shading Mode"},"sceneLighting":false,"audioPlay":false,"sceneViewState":{"m_AlwaysRefresh":false,"showFog":true,"showSkybox":false,"showFlares":true,"showImageEffects":true,"showParticleSystems":true,"showVisualEffectGraphs":true,"m_FxEnabled":true},"in2DMode":false,"pivot":{"x":-2.9802322387695315e-8,"y":-2.9802322387695315e-8,"z":-0.00005894899368286133},"rotation":{"x":-0.2858354449272156,"y":0.3385988473892212,"z":-0.10876481235027313,"w":-0.8898425698280335},"size":0.9218072891235352,"orthographic":false}